"No.","Time","Source","Destination","Protocol","Length","Leftover Capture Data","Info"
"1","0.000000","host","1.9.0","USB","64","","GET DESCRIPTOR Request DEVICE"
"2","0.001358","1.9.0","host","USB","82","","GET DESCRIPTOR Response DEVICE"
"3","0.001435","host","1.4.0","USB","64","","GET DESCRIPTOR Request DEVICE"
"4","0.001797","1.4.0","host","USB","82","","GET DESCRIPTOR Response DEVICE"
"5","0.001845","host","1.1.0","USBHUB","64","","GET_STATUS Request     [Port 7]"
"6","0.001858","1.1.0","host","USBHUB","68","","GET_STATUS Response    [Port 7]"
"7","0.001860","host","1.1.0","USBHUB","64","","CLEAR_FEATURE Request  [Port 7: PORT_SUSPEND]"
"8","0.046252","1.1.0","host","USBHUB","64","","CLEAR_FEATURE Response [Port 7: PORT_SUSPEND]"
"9","0.046308","1.1.1","host","USB","67","800000","URB_INTERRUPT in"
"10","0.046314","host","1.1.1","USB","64","","URB_INTERRUPT in"
"11","0.094155","host","1.1.0","USBHUB","64","","GET_STATUS Request     [Port 7]"
"12","0.094179","1.1.0","host","USBHUB","68","","GET_STATUS Response    [Port 7]"
"13","0.114451","host","1.1.0","USBHUB","64","","CLEAR_FEATURE Request  [Port 7: C_PORT_SUSPEND]"
"14","0.114476","1.1.0","host","USBHUB","64","","CLEAR_FEATURE Response [Port 7: C_PORT_SUSPEND]"
"15","0.114485","host","1.3.0","USB","64","","GET STATUS Request"
"16","0.114613","1.3.0","host","USB","66","","GET STATUS Response"
"17","0.114708","host","1.3.0","USB","64","","GET DESCRIPTOR Request DEVICE"
"18","0.114730","host","1.1.0","USBHUB","64","","GET_STATUS Request     [Port 7]"
"19","0.114753","1.1.0","host","USBHUB","68","","GET_STATUS Response    [Port 7]"
"20","0.114804","1.3.0","host","USB","82","","GET DESCRIPTOR Response DEVICE"
"21","0.114927","host","1.1.0","USBHUB","64","","GET_STATUS Request     [Port 4]"
"22","0.114948","1.1.0","host","USBHUB","68","","GET_STATUS Response    [Port 4]"
"23","0.114956","host","1.1.0","USBHUB","64","","CLEAR_FEATURE Request  [Port 4: PORT_SUSPEND]"
"24","0.162474","1.1.0","host","USBHUB","64","","CLEAR_FEATURE Response [Port 4: PORT_SUSPEND]"
"25","0.162556","1.1.1","host","USB","67","100000","URB_INTERRUPT in"
"26","0.162568","host","1.1.1","USB","64","","URB_INTERRUPT in"
"27","0.210319","host","1.1.0","USBHUB","64","","GET_STATUS Request     [Port 4]"
"28","0.210346","1.1.0","host","USBHUB","68","","GET_STATUS Response    [Port 4]"
"29","0.230466","host","1.1.0","USBHUB","64","","CLEAR_FEATURE Request  [Port 4: C_PORT_SUSPEND]"
"30","0.230491","1.1.0","host","USBHUB","64","","CLEAR_FEATURE Response [Port 4: C_PORT_SUSPEND]"
"31","0.230501","host","1.2.0","USB","64","","GET STATUS Request"
"32","0.230648","1.2.0","host","USB","66","","GET STATUS Response"
"33","0.230894","host","1.2.0","USB","64","","GET DESCRIPTOR Request DEVICE"
"34","0.230917","host","1.1.0","USBHUB","64","","GET_STATUS Request     [Port 4]"
"35","0.230940","1.1.0","host","USBHUB","68","","GET_STATUS Response    [Port 4]"
"36","0.231078","1.2.0","host","USB","82","","GET DESCRIPTOR Response DEVICE"
"37","0.231209","host","1.1.0","USB","64","","GET DESCRIPTOR Request DEVICE"
"38","0.231225","1.1.0","host","USB","82","","GET DESCRIPTOR Response DEVICE"
"39","0.433279","host","1.4.3","USB","64","","URB_INTERRUPT in"
"40","0.433320","1.4.3","host","USB","64","","URB_INTERRUPT in"
"41","0.433438","host","1.4.3","USB","64","","URB_INTERRUPT in"
"42","0.433505","1.4.3","host","USB","64","","URB_INTERRUPT in"
"43","0.433518","host","1.4.3","USB","64","","URB_INTERRUPT in"
"44","0.433542","1.4.3","host","USB","64","","URB_INTERRUPT in"
"45","1.438870","host","1.4.3","USB","64","","URB_INTERRUPT in"
"46","1.438967","1.4.3","host","USB","64","","URB_INTERRUPT in"
"47","1.439493","host","1.4.3","USB","64","","URB_INTERRUPT in"
"48","1.439561","1.4.3","host","USB","64","","URB_INTERRUPT in"
"49","1.439616","host","1.4.3","USB","64","","URB_INTERRUPT in"
"50","1.439666","1.4.3","host","USB","64","","URB_INTERRUPT in"
"51","2.414219","host","1.1.0","USBHUB","64","","SET_FEATURE Request    [Port 7: PORT_SUSPEND]"
"52","2.434197","1.1.0","host","USBHUB","64","","SET_FEATURE Response   [Port 7: PORT_SUSPEND]"
"53","2.440098","host","1.4.3","USB","64","","URB_INTERRUPT in"
"54","2.440193","1.4.3","host","USB","64","","URB_INTERRUPT in"
"55","2.440715","host","1.4.3","USB","64","","URB_INTERRUPT in"
"56","2.440781","1.4.3","host","USB","64","","URB_INTERRUPT in"
"57","2.440837","host","1.4.3","USB","64","","URB_INTERRUPT in"
"58","2.440886","1.4.3","host","USB","64","","URB_INTERRUPT in"
"59","2.731511","host","1.1.0","USBHUB","64","","SET_FEATURE Request    [Port 4: PORT_SUSPEND]"
"60","2.750394","1.1.0","host","USBHUB","64","","SET_FEATURE Response   [Port 4: PORT_SUSPEND]"
"61","3.442638","host","1.4.3","USB","64","","URB_INTERRUPT in"
"62","3.442737","1.4.3","host","USB","64","","URB_INTERRUPT in"
"63","3.443259","host","1.4.3","USB","64","","URB_INTERRUPT in"
"64","3.443326","1.4.3","host","USB","64","","URB_INTERRUPT in"
"65","3.443393","host","1.4.3","USB","64","","URB_INTERRUPT in"
"66","3.443441","1.4.3","host","USB","64","","URB_INTERRUPT in"
"67","3.725799","1.9.1","host","USB","72","0000160000000000","URB_INTERRUPT in"
"68","3.725880","host","1.9.1","USB","64","","URB_INTERRUPT in"
"69","3.813536","1.9.1","host","USB","72","0000000000000000","URB_INTERRUPT in"
"70","3.813607","host","1.9.1","USB","64","","URB_INTERRUPT in"
"71","3.917107","1.9.1","host","USB","72","0000120000000000","URB_INTERRUPT in"
"72","3.917182","host","1.9.1","USB","64","","URB_INTERRUPT in"
"73","3.973653","1.9.1","host","USB","72","0000000000000000","URB_INTERRUPT in"
"74","3.973728","host","1.9.1","USB","64","","URB_INTERRUPT in"
"75","4.173080","1.9.1","host","USB","72","00002c0000000000","URB_INTERRUPT in"
"76","4.173102","host","1.9.1","USB","64","","URB_INTERRUPT in"
"77","4.229536","1.9.1","host","USB","72","0000000000000000","URB_INTERRUPT in"
"78","4.229566","host","1.9.1","USB","64","","URB_INTERRUPT in"
"79","4.443683","host","1.4.3","USB","64","","URB_INTERRUPT in"
"80","4.443791","1.4.3","host","USB","64","","URB_INTERRUPT in"
"81","4.444283","host","1.4.3","USB","64","","URB_INTERRUPT in"
"82","4.444362","1.4.3","host","USB","64","","URB_INTERRUPT in"
"83","4.444421","host","1.4.3","USB","64","","URB_INTERRUPT in"
"84","4.444477","1.4.3","host","USB","64","","URB_INTERRUPT in"
"85","4.781304","1.9.1","host","USB","72","0000170000000000","URB_INTERRUPT in"
"86","4.781381","host","1.9.1","USB","64","","URB_INTERRUPT in"
"87","4.853224","1.9.1","host","USB","72","0000000000000000","URB_INTERRUPT in"
"88","4.853301","host","1.9.1","USB","64","","URB_INTERRUPT in"
"89","5.077328","1.9.1","host","USB","72","00000b0000000000","URB_INTERRUPT in"
"90","5.077405","host","1.9.1","USB","64","","URB_INTERRUPT in"
"91","5.125941","1.9.1","host","USB","72","0000000000000000","URB_INTERRUPT in"
"92","5.126015","host","1.9.1","USB","64","","URB_INTERRUPT in"
"93","5.221438","1.9.1","host","USB","72","0000080000000000","URB_INTERRUPT in"
"94","5.221513","host","1.9.1","USB","64","","URB_INTERRUPT in"
"95","5.293967","1.9.1","host","USB","72","0000000000000000","URB_INTERRUPT in"
"96","5.294041","host","1.9.1","USB","64","","URB_INTERRUPT in"
"97","5.389982","1.9.1","host","USB","72","00002c0000000000","URB_INTERRUPT in"
"98","5.390059","host","1.9.1","USB","64","","URB_INTERRUPT in"
"99","5.444926","host","1.4.3","USB","64","","URB_INTERRUPT in"
"100","5.445032","1.4.3","host","USB","64","","URB_INTERRUPT in"
"101","5.445594","host","1.4.3","USB","64","","URB_INTERRUPT in"
"102","5.445678","1.4.3","host","USB","64","","URB_INTERRUPT in"
"103","5.445746","host","1.4.3","USB","64","","URB_INTERRUPT in"
"104","5.445804","1.4.3","host","USB","64","","URB_INTERRUPT in"
"105","5.453813","1.9.1","host","USB","72","0000000000000000","URB_INTERRUPT in"
"106","5.453888","host","1.9.1","USB","64","","URB_INTERRUPT in"
"107","5.637092","1.9.1","host","USB","72","0000040000000000","URB_INTERRUPT in"
"108","5.637123","host","1.9.1","USB","64","","URB_INTERRUPT in"
"109","5.717436","1.9.1","host","USB","72","0000000000000000","URB_INTERRUPT in"
"110","5.717484","host","1.9.1","USB","64","","URB_INTERRUPT in"
"111","5.901894","1.9.1","host","USB","72","0000110000000000","URB_INTERRUPT in"
"112","5.901970","host","1.9.1","USB","64","","URB_INTERRUPT in"
"113","5.950084","1.9.1","host","USB","72","0000000000000000","URB_INTERRUPT in"
"114","5.950157","host","1.9.1","USB","64","","URB_INTERRUPT in"
"115","6.149433","1.9.1","host","USB","72","0000160000000000","URB_INTERRUPT in"
"116","6.149501","host","1.9.1","USB","64","","URB_INTERRUPT in"
"117","6.229344","1.9.1","host","USB","72","0000000000000000","URB_INTERRUPT in"
"118","6.229418","host","1.9.1","USB","64","","URB_INTERRUPT in"
"119","6.405186","1.9.1","host","USB","72","00001a0000000000","URB_INTERRUPT in"
"120","6.405274","host","1.9.1","USB","64","","URB_INTERRUPT in"
"121","6.442453","host","1.4.3","USB","64","","URB_INTERRUPT in"
"122","6.442508","1.4.3","host","USB","64","","URB_INTERRUPT in"
"123","6.442668","host","1.4.3","USB","64","","URB_INTERRUPT in"
"124","6.442739","1.4.3","host","USB","64","","URB_INTERRUPT in"
"125","6.442757","host","1.4.3","USB","64","","URB_INTERRUPT in"
"126","6.442824","1.4.3","host","USB","64","","URB_INTERRUPT in"
"127","6.477514","1.9.1","host","USB","72","0000000000000000","URB_INTERRUPT in"
"128","6.477590","host","1.9.1","USB","64","","URB_INTERRUPT in"
"129","6.654086","1.9.1","host","USB","72","0000080000000000","URB_INTERRUPT in"
"130","6.654173","host","1.9.1","USB","64","","URB_INTERRUPT in"
"131","6.741342","1.9.1","host","USB","72","0000000000000000","URB_INTERRUPT in"
"132","6.741447","host","1.9.1","USB","64","","URB_INTERRUPT in"
"133","6.877756","1.9.1","host","USB","72","0000150000000000","URB_INTERRUPT in"
"134","6.877844","host","1.9.1","USB","64","","URB_INTERRUPT in"
"135","6.934168","1.9.1","host","USB","72","0000000000000000","URB_INTERRUPT in"
"136","6.934256","host","1.9.1","USB","64","","URB_INTERRUPT in"
"137","7.053118","1.9.1","host","USB","72","00002c0000000000","URB_INTERRUPT in"
"138","7.053209","host","1.9.1","USB","64","","URB_INTERRUPT in"
"139","7.109107","1.9.1","host","USB","72","0000000000000000","URB_INTERRUPT in"
"140","7.109186","host","1.9.1","USB","64","","URB_INTERRUPT in"
"141","7.325502","1.9.1","host","USB","72","00000c0000000000","URB_INTERRUPT in"
"142","7.325601","host","1.9.1","USB","64","","URB_INTERRUPT in"
"143","7.381280","1.9.1","host","USB","72","0000000000000000","URB_INTERRUPT in"
"144","7.381366","host","1.9.1","USB","64","","URB_INTERRUPT in"
"145","7.448135","host","1.4.3","USB","64","","URB_INTERRUPT in"
"146","7.448251","1.4.3","host","USB","64","","URB_INTERRUPT in"
"147","7.448800","host","1.4.3","USB","64","","URB_INTERRUPT in"
"148","7.448885","1.4.3","host","USB","64","","URB_INTERRUPT in"
"149","7.448950","host","1.4.3","USB","64","","URB_INTERRUPT in"
"150","7.449010","1.4.3","host","USB","64","","URB_INTERRUPT in"
"151","7.477099","1.9.1","host","USB","72","0000160000000000","URB_INTERRUPT in"
"152","7.477177","host","1.9.1","USB","64","","URB_INTERRUPT in"
"153","7.557476","1.9.1","host","USB","72","0000000000000000","URB_INTERRUPT in"
"154","7.557503","host","1.9.1","USB","64","","URB_INTERRUPT in"
"155","8.133476","1.9.1","host","USB","72","00002c0000000000","URB_INTERRUPT in"
"156","8.133510","host","1.9.1","USB","64","","URB_INTERRUPT in"
"157","8.189107","1.9.1","host","USB","72","0000000000000000","URB_INTERRUPT in"
"158","8.189169","host","1.9.1","USB","64","","URB_INTERRUPT in"
"159","8.449158","host","1.4.3","USB","64","","URB_INTERRUPT in"
"160","8.449263","1.4.3","host","USB","64","","URB_INTERRUPT in"
"161","8.449801","host","1.4.3","USB","64","","URB_INTERRUPT in"
"162","8.449876","1.4.3","host","USB","64","","URB_INTERRUPT in"
"163","8.449933","host","1.4.3","USB","64","","URB_INTERRUPT in"
"164","8.449989","1.4.3","host","USB","64","","URB_INTERRUPT in"
"165","9.449970","host","1.4.3","USB","64","","URB_INTERRUPT in"
"166","9.450077","1.4.3","host","USB","64","","URB_INTERRUPT in"
"167","9.450529","host","1.4.3","USB","64","","URB_INTERRUPT in"
"168","9.450599","1.4.3","host","USB","64","","URB_INTERRUPT in"
"169","9.450654","host","1.4.3","USB","64","","URB_INTERRUPT in"
"170","9.450709","1.4.3","host","USB","64","","URB_INTERRUPT in"
"171","9.645716","1.9.1","host","USB","72","0000090000000000","URB_INTERRUPT in"
"172","9.645792","host","1.9.1","USB","64","","URB_INTERRUPT in"
"173","9.709423","1.9.1","host","USB","72","0000000000000000","URB_INTERRUPT in"
"174","9.709497","host","1.9.1","USB","64","","URB_INTERRUPT in"
"175","9.973619","1.9.1","host","USB","72","00000f0000000000","URB_INTERRUPT in"
"176","9.973695","host","1.9.1","USB","64","","URB_INTERRUPT in"
"177","10.029435","1.9.1","host","USB","72","0000000000000000","URB_INTERRUPT in"
"178","10.029509","host","1.9.1","USB","64","","URB_INTERRUPT in"
"179","10.245341","1.9.1","host","USB","72","0000040000000000","URB_INTERRUPT in"
"180","10.245417","host","1.9.1","USB","64","","URB_INTERRUPT in"
"181","10.309511","1.9.1","host","USB","72","0000000000000000","URB_INTERRUPT in"
"182","10.309584","host","1.9.1","USB","64","","URB_INTERRUPT in"
"183","10.452555","host","1.4.3","USB","64","","URB_INTERRUPT in"
"184","10.452670","1.4.3","host","USB","64","","URB_INTERRUPT in"
"185","10.453208","host","1.4.3","USB","64","","URB_INTERRUPT in"
"186","10.453289","1.4.3","host","USB","64","","URB_INTERRUPT in"
"187","10.453353","host","1.4.3","USB","64","","URB_INTERRUPT in"
"188","10.453411","1.4.3","host","USB","64","","URB_INTERRUPT in"
"189","10.469778","1.9.1","host","USB","72","00000a0000000000","URB_INTERRUPT in"
"190","10.469854","host","1.9.1","USB","64","","URB_INTERRUPT in"
"191","10.525818","1.9.1","host","USB","72","0000000000000000","URB_INTERRUPT in"
"192","10.525893","host","1.9.1","USB","64","","URB_INTERRUPT in"
"193","10.877342","1.9.1","host","USB","72","0200000000000000","URB_INTERRUPT in"
"194","10.877418","host","1.9.1","USB","64","","URB_INTERRUPT in"
"195","11.389326","1.9.1","host","USB","72","02002f0000000000","URB_INTERRUPT in"
"196","11.389405","host","1.9.1","USB","64","","URB_INTERRUPT in"
"197","11.445446","1.9.1","host","USB","72","0200000000000000","URB_INTERRUPT in"
"198","11.445480","host","1.9.1","USB","64","","URB_INTERRUPT in"
"199","11.449981","host","1.4.3","USB","64","","URB_INTERRUPT in"
"200","11.450029","1.4.3","host","USB","64","","URB_INTERRUPT in"
"201","11.450212","host","1.4.3","USB","64","","URB_INTERRUPT in"
"202","11.450245","1.4.3","host","USB","64","","URB_INTERRUPT in"
"203","11.450269","host","1.4.3","USB","64","","URB_INTERRUPT in"
"204","11.450300","1.4.3","host","USB","64","","URB_INTERRUPT in"
"205","11.573451","1.9.1","host","USB","72","0000000000000000","URB_INTERRUPT in"
"206","11.573539","host","1.9.1","USB","64","","URB_INTERRUPT in"
"207","12.117101","1.9.1","host","USB","72","0000090000000000","URB_INTERRUPT in"
"208","12.117176","host","1.9.1","USB","64","","URB_INTERRUPT in"
"209","12.181341","1.9.1","host","USB","72","0000000000000000","URB_INTERRUPT in"
"210","12.181427","host","1.9.1","USB","64","","URB_INTERRUPT in"
"211","12.455212","host","1.4.3","USB","64","","URB_INTERRUPT in"
"212","12.455310","1.4.3","host","USB","64","","URB_INTERRUPT in"
"213","12.455834","host","1.4.3","USB","64","","URB_INTERRUPT in"
"214","12.455901","1.4.3","host","USB","64","","URB_INTERRUPT in"
"215","12.455957","host","1.4.3","USB","64","","URB_INTERRUPT in"
"216","12.456005","1.4.3","host","USB","64","","URB_INTERRUPT in"
"217","12.949432","1.9.1","host","USB","72","0000240000000000","URB_INTERRUPT in"
"218","12.949522","host","1.9.1","USB","64","","URB_INTERRUPT in"
"219","12.997322","1.9.1","host","USB","72","0000000000000000","URB_INTERRUPT in"
"220","12.997401","host","1.9.1","USB","64","","URB_INTERRUPT in"
"221","13.205332","1.9.1","host","USB","72","0000240000000000","URB_INTERRUPT in"
"222","13.205413","host","1.9.1","USB","64","","URB_INTERRUPT in"
"223","13.253514","1.9.1","host","USB","72","0000000000000000","URB_INTERRUPT in"
"224","13.253604","host","1.9.1","USB","64","","URB_INTERRUPT in"
"225","13.456169","host","1.4.3","USB","64","","URB_INTERRUPT in"
"226","13.456266","1.4.3","host","USB","64","","URB_INTERRUPT in"
"227","13.456791","host","1.4.3","USB","64","","URB_INTERRUPT in"
"228","13.456860","1.4.3","host","USB","64","","URB_INTERRUPT in"
"229","13.456916","host","1.4.3","USB","64","","URB_INTERRUPT in"
"230","13.456964","1.4.3","host","USB","64","","URB_INTERRUPT in"
"231","14.261721","1.9.1","host","USB","72","0000200000000000","URB_INTERRUPT in"
"232","14.261813","host","1.9.1","USB","64","","URB_INTERRUPT in"
"233","14.333615","1.9.1","host","USB","72","0000000000000000","URB_INTERRUPT in"
"234","14.333703","host","1.9.1","USB","64","","URB_INTERRUPT in"
"235","14.456769","host","1.4.3","USB","64","","URB_INTERRUPT in"
"236","14.456863","1.4.3","host","USB","64","","URB_INTERRUPT in"
"237","14.457331","host","1.4.3","USB","64","","URB_INTERRUPT in"
"238","14.457394","1.4.3","host","USB","64","","URB_INTERRUPT in"
"239","14.457445","host","1.4.3","USB","64","","URB_INTERRUPT in"
"240","14.457492","1.4.3","host","USB","64","","URB_INTERRUPT in"
"241","14.509875","1.9.1","host","USB","72","0000200000000000","URB_INTERRUPT in"
"242","14.509966","host","1.9.1","USB","64","","URB_INTERRUPT in"
"243","14.581372","1.9.1","host","USB","72","0000000000000000","URB_INTERRUPT in"
"244","14.581410","host","1.9.1","USB","64","","URB_INTERRUPT in"
"245","15.269658","1.9.1","host","USB","72","0000080000000000","URB_INTERRUPT in"
"246","15.269749","host","1.9.1","USB","64","","URB_INTERRUPT in"
"247","15.333602","1.9.1","host","USB","72","0000000000000000","URB_INTERRUPT in"
"248","15.333682","host","1.9.1","USB","64","","URB_INTERRUPT in"
"249","15.458295","host","1.4.3","USB","64","","URB_INTERRUPT in"
"250","15.458394","1.4.3","host","USB","64","","URB_INTERRUPT in"
"251","15.458911","host","1.4.3","USB","64","","URB_INTERRUPT in"
"252","15.458977","1.4.3","host","USB","64","","URB_INTERRUPT in"
"253","15.459034","host","1.4.3","USB","64","","URB_INTERRUPT in"
"254","15.459082","1.4.3","host","USB","64","","URB_INTERRUPT in"
"255","16.458819","host","1.4.3","USB","64","","URB_INTERRUPT in"
"256","16.458916","1.4.3","host","USB","64","","URB_INTERRUPT in"
"257","16.459449","host","1.4.3","USB","64","","URB_INTERRUPT in"
"258","16.459518","1.4.3","host","USB","64","","URB_INTERRUPT in"
"259","16.459573","host","1.4.3","USB","64","","URB_INTERRUPT in"
"260","16.459624","1.4.3","host","USB","64","","URB_INTERRUPT in"
"261","16.469894","1.9.1","host","USB","72","0000270000000000","URB_INTERRUPT in"
"262","16.469986","host","1.9.1","USB","64","","URB_INTERRUPT in"
"263","16.533670","1.9.1","host","USB","72","0000000000000000","URB_INTERRUPT in"
"264","16.533749","host","1.9.1","USB","64","","URB_INTERRUPT in"
"265","16.709442","1.9.1","host","USB","72","0000270000000000","URB_INTERRUPT in"
"266","16.709532","host","1.9.1","USB","64","","URB_INTERRUPT in"
"267","16.773989","1.9.1","host","USB","72","0000000000000000","URB_INTERRUPT in"
"268","16.774067","host","1.9.1","USB","64","","URB_INTERRUPT in"
"269","17.325622","1.9.1","host","USB","72","0000260000000000","URB_INTERRUPT in"
"270","17.325712","host","1.9.1","USB","64","","URB_INTERRUPT in"
"271","17.381330","1.9.1","host","USB","72","0000000000000000","URB_INTERRUPT in"
"272","17.381417","host","1.9.1","USB","64","","URB_INTERRUPT in"
"273","17.460691","host","1.4.3","USB","64","","URB_INTERRUPT in"
"274","17.460790","1.4.3","host","USB","64","","URB_INTERRUPT in"
"275","17.461320","host","1.4.3","USB","64","","URB_INTERRUPT in"
"276","17.461390","1.4.3","host","USB","64","","URB_INTERRUPT in"
"277","17.461445","host","1.4.3","USB","64","","URB_INTERRUPT in"
"278","17.461494","1.4.3","host","USB","64","","URB_INTERRUPT in"
"279","18.462112","host","1.4.3","USB","64","","URB_INTERRUPT in"
"280","18.462208","1.4.3","host","USB","64","","URB_INTERRUPT in"
"281","18.462739","host","1.4.3","USB","64","","URB_INTERRUPT in"
"282","18.462805","1.4.3","host","USB","64","","URB_INTERRUPT in"
"283","18.462860","host","1.4.3","USB","64","","URB_INTERRUPT in"
"284","18.462909","1.4.3","host","USB","64","","URB_INTERRUPT in"
"285","18.837754","1.9.1","host","USB","72","0000200000000000","URB_INTERRUPT in"
"286","18.837845","host","1.9.1","USB","64","","URB_INTERRUPT in"
"287","18.901746","1.9.1","host","USB","72","0000000000000000","URB_INTERRUPT in"
"288","18.901832","host","1.9.1","USB","64","","URB_INTERRUPT in"
"289","19.405783","1.9.1","host","USB","72","0000050000000000","URB_INTERRUPT in"
"290","19.405872","host","1.9.1","USB","64","","URB_INTERRUPT in"
"291","19.459202","host","1.4.3","USB","64","","URB_INTERRUPT in"
"292","19.459251","1.4.3","host","USB","64","","URB_INTERRUPT in"
"293","19.459393","host","1.4.3","USB","64","","URB_INTERRUPT in"
"294","19.459459","1.4.3","host","USB","64","","URB_INTERRUPT in"
"295","19.459473","host","1.4.3","USB","64","","URB_INTERRUPT in"
"296","19.459541","1.4.3","host","USB","64","","URB_INTERRUPT in"
"297","19.469036","1.9.1","host","USB","72","0000000000000000","URB_INTERRUPT in"
"298","19.469118","host","1.9.1","USB","64","","URB_INTERRUPT in"
"299","20.464812","host","1.4.3","USB","64","","URB_INTERRUPT in"
"300","20.464910","1.4.3","host","USB","64","","URB_INTERRUPT in"
"301","20.465430","host","1.4.3","USB","64","","URB_INTERRUPT in"
"302","20.465498","1.4.3","host","USB","64","","URB_INTERRUPT in"
"303","20.465553","host","1.4.3","USB","64","","URB_INTERRUPT in"
"304","20.465601","1.4.3","host","USB","64","","URB_INTERRUPT in"
"305","20.685264","1.9.1","host","USB","72","0000240000000000","URB_INTERRUPT in"
"306","20.685302","host","1.9.1","USB","64","","URB_INTERRUPT in"
"307","20.749246","1.9.1","host","USB","72","0000000000000000","URB_INTERRUPT in"
"308","20.749326","host","1.9.1","USB","64","","URB_INTERRUPT in"
"309","21.445500","1.9.1","host","USB","72","0000070000000000","URB_INTERRUPT in"
"310","21.445590","host","1.9.1","USB","64","","URB_INTERRUPT in"
"311","21.466207","host","1.4.3","USB","64","","URB_INTERRUPT in"
"312","21.466303","1.4.3","host","USB","64","","URB_INTERRUPT in"
"313","21.466821","host","1.4.3","USB","64","","URB_INTERRUPT in"
"314","21.466891","1.4.3","host","USB","64","","URB_INTERRUPT in"
"315","21.466947","host","1.4.3","USB","64","","URB_INTERRUPT in"
"316","21.466998","1.4.3","host","USB","64","","URB_INTERRUPT in"
"317","21.509850","1.9.1","host","USB","72","0000000000000000","URB_INTERRUPT in"
"318","21.509940","host","1.9.1","USB","64","","URB_INTERRUPT in"
"319","22.466843","host","1.4.3","USB","64","","URB_INTERRUPT in"
"320","22.466940","1.4.3","host","USB","64","","URB_INTERRUPT in"
"321","22.467474","host","1.4.3","USB","64","","URB_INTERRUPT in"
"322","22.467542","1.4.3","host","USB","64","","URB_INTERRUPT in"
"323","22.467596","host","1.4.3","USB","64","","URB_INTERRUPT in"
"324","22.467644","1.4.3","host","USB","64","","URB_INTERRUPT in"
"325","23.463787","host","1.4.3","USB","64","","URB_INTERRUPT in"
"326","23.463834","1.4.3","host","USB","64","","URB_INTERRUPT in"
"327","23.463990","host","1.4.3","USB","64","","URB_INTERRUPT in"
"328","23.464022","1.4.3","host","USB","64","","URB_INTERRUPT in"
"329","23.464044","host","1.4.3","USB","64","","URB_INTERRUPT in"
"330","23.464113","1.4.3","host","USB","64","","URB_INTERRUPT in"
"331","23.493782","1.9.1","host","USB","72","00001f0000000000","URB_INTERRUPT in"
"332","23.493866","host","1.9.1","USB","64","","URB_INTERRUPT in"
"333","23.573708","1.9.1","host","USB","72","0000000000000000","URB_INTERRUPT in"
"334","23.573741","host","1.9.1","USB","64","","URB_INTERRUPT in"
"335","24.085503","1.9.1","host","USB","72","0000250000000000","URB_INTERRUPT in"
"336","24.085593","host","1.9.1","USB","64","","URB_INTERRUPT in"
"337","24.149416","1.9.1","host","USB","72","0000000000000000","URB_INTERRUPT in"
"338","24.149494","host","1.9.1","USB","64","","URB_INTERRUPT in"
"339","24.469175","host","1.4.3","USB","64","","URB_INTERRUPT in"
"340","24.469273","1.4.3","host","USB","64","","URB_INTERRUPT in"
"341","24.469797","host","1.4.3","USB","64","","URB_INTERRUPT in"
"342","24.469868","1.4.3","host","USB","64","","URB_INTERRUPT in"
"343","24.469926","host","1.4.3","USB","64","","URB_INTERRUPT in"
"344","24.469973","1.4.3","host","USB","64","","URB_INTERRUPT in"
"345","25.245546","1.9.1","host","USB","72","00001e0000000000","URB_INTERRUPT in"
"346","25.245629","host","1.9.1","USB","64","","URB_INTERRUPT in"
"347","25.293408","1.9.1","host","USB","72","0000000000000000","URB_INTERRUPT in"
"348","25.293497","host","1.9.1","USB","64","","URB_INTERRUPT in"
"349","25.469848","host","1.4.3","USB","64","","URB_INTERRUPT in"
"350","25.469945","1.4.3","host","USB","64","","URB_INTERRUPT in"
"351","25.470509","host","1.4.3","USB","64","","URB_INTERRUPT in"
"352","25.470580","1.4.3","host","USB","64","","URB_INTERRUPT in"
"353","25.470640","host","1.4.3","USB","64","","URB_INTERRUPT in"
"354","25.470689","1.4.3","host","USB","64","","URB_INTERRUPT in"
"355","26.471612","host","1.4.3","USB","64","","URB_INTERRUPT in"
"356","26.471709","1.4.3","host","USB","64","","URB_INTERRUPT in"
"357","26.472241","host","1.4.3","USB","64","","URB_INTERRUPT in"
"358","26.472309","1.4.3","host","USB","64","","URB_INTERRUPT in"
"359","26.472364","host","1.4.3","USB","64","","URB_INTERRUPT in"
"360","26.472413","1.4.3","host","USB","64","","URB_INTERRUPT in"
"361","27.317313","1.9.1","host","USB","72","0000070000000000","URB_INTERRUPT in"
"362","27.317404","host","1.9.1","USB","64","","URB_INTERRUPT in"
"363","27.397261","1.9.1","host","USB","72","0000000000000000","URB_INTERRUPT in"
"364","27.397349","host","1.9.1","USB","64","","URB_INTERRUPT in"
"365","27.472400","host","1.4.3","USB","64","","URB_INTERRUPT in"
"366","27.472497","1.4.3","host","USB","64","","URB_INTERRUPT in"
"367","27.473015","host","1.4.3","USB","64","","URB_INTERRUPT in"
"368","27.473085","1.4.3","host","USB","64","","URB_INTERRUPT in"
"369","27.473142","host","1.4.3","USB","64","","URB_INTERRUPT in"
"370","27.473188","1.4.3","host","USB","64","","URB_INTERRUPT in"
"371","27.541917","1.9.1","host","USB","72","0000070000000000","URB_INTERRUPT in"
"372","27.542005","host","1.9.1","USB","64","","URB_INTERRUPT in"
"373","27.613563","1.9.1","host","USB","72","0000000000000000","URB_INTERRUPT in"
"374","27.613651","host","1.9.1","USB","64","","URB_INTERRUPT in"
"375","28.221077","1.9.1","host","USB","72","0000270000000000","URB_INTERRUPT in"
"376","28.221157","host","1.9.1","USB","64","","URB_INTERRUPT in"
"377","28.277302","1.9.1","host","USB","72","0000000000000000","URB_INTERRUPT in"
"378","28.277363","host","1.9.1","USB","64","","URB_INTERRUPT in"
"379","28.473409","host","1.4.3","USB","64","","URB_INTERRUPT in"
"380","28.473502","1.4.3","host","USB","64","","URB_INTERRUPT in"
"381","28.474025","host","1.4.3","USB","64","","URB_INTERRUPT in"
"382","28.474126","1.4.3","host","USB","64","","URB_INTERRUPT in"
"383","28.474192","host","1.4.3","USB","64","","URB_INTERRUPT in"
"384","28.474243","1.4.3","host","USB","64","","URB_INTERRUPT in"
"385","29.213657","1.9.1","host","USB","72","0000040000000000","URB_INTERRUPT in"
"386","29.213764","host","1.9.1","USB","64","","URB_INTERRUPT in"
"387","29.269321","1.9.1","host","USB","72","0000000000000000","URB_INTERRUPT in"
"388","29.269370","host","1.9.1","USB","64","","URB_INTERRUPT in"
"389","29.474625","host","1.4.3","USB","64","","URB_INTERRUPT in"
"390","29.474716","1.4.3","host","USB","64","","URB_INTERRUPT in"
"391","29.475232","host","1.4.3","USB","64","","URB_INTERRUPT in"
"392","29.475297","1.4.3","host","USB","64","","URB_INTERRUPT in"
"393","29.475352","host","1.4.3","USB","64","","URB_INTERRUPT in"
"394","29.475396","1.4.3","host","USB","64","","URB_INTERRUPT in"
"395","30.197089","1.9.1","host","USB","72","0000200000000000","URB_INTERRUPT in"
"396","30.197180","host","1.9.1","USB","64","","URB_INTERRUPT in"
"397","30.261458","1.9.1","host","USB","72","0000000000000000","URB_INTERRUPT in"
"398","30.261537","host","1.9.1","USB","64","","URB_INTERRUPT in"
"399","30.476438","host","1.4.3","USB","64","","URB_INTERRUPT in"
"400","30.476536","1.4.3","host","USB","64","","URB_INTERRUPT in"
"401","30.477052","host","1.4.3","USB","64","","URB_INTERRUPT in"
"402","30.477120","1.4.3","host","USB","64","","URB_INTERRUPT in"
"403","30.477177","host","1.4.3","USB","64","","URB_INTERRUPT in"
"404","30.477222","1.4.3","host","USB","64","","URB_INTERRUPT in"
"405","30.741420","1.9.1","host","USB","72","0000270000000000","URB_INTERRUPT in"
"406","30.741511","host","1.9.1","USB","64","","URB_INTERRUPT in"
"407","30.789278","1.9.1","host","USB","72","0000000000000000","URB_INTERRUPT in"
"408","30.789365","host","1.9.1","USB","64","","URB_INTERRUPT in"
"409","31.341361","1.9.1","host","USB","72","0000090000000000","URB_INTERRUPT in"
"410","31.341451","host","1.9.1","USB","64","","URB_INTERRUPT in"
"411","31.390031","1.9.1","host","USB","72","0000000000000000","URB_INTERRUPT in"
"412","31.390124","host","1.9.1","USB","64","","URB_INTERRUPT in"
"413","31.473235","host","1.4.3","USB","64","","URB_INTERRUPT in"
"414","31.473290","1.4.3","host","USB","64","","URB_INTERRUPT in"
"415","31.473507","host","1.4.3","USB","64","","URB_INTERRUPT in"
"416","31.473620","1.4.3","host","USB","64","","URB_INTERRUPT in"
"417","31.473665","host","1.4.3","USB","64","","URB_INTERRUPT in"
"418","31.473698","1.4.3","host","USB","64","","URB_INTERRUPT in"
"419","31.525361","1.9.1","host","USB","72","0000060000000000","URB_INTERRUPT in"
"420","31.525447","host","1.9.1","USB","64","","URB_INTERRUPT in"
"421","31.605771","1.9.1","host","USB","72","0000000000000000","URB_INTERRUPT in"
"422","31.605823","host","1.9.1","USB","64","","URB_INTERRUPT in"
"423","32.476329","host","1.4.3","USB","64","","URB_INTERRUPT in"
"424","32.476398","1.4.3","host","USB","64","","URB_INTERRUPT in"
"425","32.476704","host","1.4.3","USB","64","","URB_INTERRUPT in"
"426","32.476877","1.4.3","host","USB","64","","URB_INTERRUPT in"
"427","32.476911","host","1.4.3","USB","64","","URB_INTERRUPT in"
"428","32.476948","1.4.3","host","USB","64","","URB_INTERRUPT in"
"429","33.480668","host","1.4.3","USB","64","","URB_INTERRUPT in"
"430","33.480763","1.4.3","host","USB","64","","URB_INTERRUPT in"
"431","33.481272","host","1.4.3","USB","64","","URB_INTERRUPT in"
"432","33.481341","1.4.3","host","USB","64","","URB_INTERRUPT in"
"433","33.481396","host","1.4.3","USB","64","","URB_INTERRUPT in"
"434","33.481445","1.4.3","host","USB","64","","URB_INTERRUPT in"
"435","34.481688","host","1.4.3","USB","64","","URB_INTERRUPT in"
"436","34.481786","1.4.3","host","USB","64","","URB_INTERRUPT in"
"437","34.482328","host","1.4.3","USB","64","","URB_INTERRUPT in"
"438","34.482399","1.4.3","host","USB","64","","URB_INTERRUPT in"
"439","34.482465","host","1.4.3","USB","64","","URB_INTERRUPT in"
"440","34.482516","1.4.3","host","USB","64","","URB_INTERRUPT in"
"441","35.483158","host","1.4.3","USB","64","","URB_INTERRUPT in"
"442","35.483256","1.4.3","host","USB","64","","URB_INTERRUPT in"
"443","35.483779","host","1.4.3","USB","64","","URB_INTERRUPT in"
"444","35.483847","1.4.3","host","USB","64","","URB_INTERRUPT in"
"445","35.483901","host","1.4.3","USB","64","","URB_INTERRUPT in"
"446","35.483951","1.4.3","host","USB","64","","URB_INTERRUPT in"
"447","36.484589","host","1.4.3","USB","64","","URB_INTERRUPT in"
"448","36.484688","1.4.3","host","USB","64","","URB_INTERRUPT in"
"449","36.485212","host","1.4.3","USB","64","","URB_INTERRUPT in"
"450","36.485281","1.4.3","host","USB","64","","URB_INTERRUPT in"
"451","36.485338","host","1.4.3","USB","64","","URB_INTERRUPT in"
"452","36.485382","1.4.3","host","USB","64","","URB_INTERRUPT in"
"453","37.485465","host","1.4.3","USB","64","","URB_INTERRUPT in"
"454","37.485560","1.4.3","host","USB","64","","URB_INTERRUPT in"
"455","37.486116","host","1.4.3","USB","64","","URB_INTERRUPT in"
"456","37.486189","1.4.3","host","USB","64","","URB_INTERRUPT in"
"457","37.486256","host","1.4.3","USB","64","","URB_INTERRUPT in"
"458","37.486301","1.4.3","host","USB","64","","URB_INTERRUPT in"
"459","38.486626","host","1.4.3","USB","64","","URB_INTERRUPT in"
"460","38.486719","1.4.3","host","USB","64","","URB_INTERRUPT in"
"461","38.487239","host","1.4.3","USB","64","","URB_INTERRUPT in"
"462","38.487306","1.4.3","host","USB","64","","URB_INTERRUPT in"
"463","38.487361","host","1.4.3","USB","64","","URB_INTERRUPT in"
"464","38.487409","1.4.3","host","USB","64","","URB_INTERRUPT in"
"465","39.488018","host","1.4.3","USB","64","","URB_INTERRUPT in"
"466","39.488110","1.4.3","host","USB","64","","URB_INTERRUPT in"
"467","39.488590","host","1.4.3","USB","64","","URB_INTERRUPT in"
"468","39.488654","1.4.3","host","USB","64","","URB_INTERRUPT in"
"469","39.488704","host","1.4.3","USB","64","","URB_INTERRUPT in"
"470","39.488750","1.4.3","host","USB","64","","URB_INTERRUPT in"
"471","40.489153","host","1.4.3","USB","64","","URB_INTERRUPT in"
"472","40.489253","1.4.3","host","USB","64","","URB_INTERRUPT in"
"473","40.489769","host","1.4.3","USB","64","","URB_INTERRUPT in"
"474","40.489838","1.4.3","host","USB","64","","URB_INTERRUPT in"
"475","40.489893","host","1.4.3","USB","64","","URB_INTERRUPT in"
"476","40.489950","1.4.3","host","USB","64","","URB_INTERRUPT in"
"477","41.489782","host","1.4.3","USB","64","","URB_INTERRUPT in"
"478","41.489852","1.4.3","host","USB","64","","URB_INTERRUPT in"
"479","41.490242","host","1.4.3","USB","64","","URB_INTERRUPT in"
"480","41.490301","1.4.3","host","USB","64","","URB_INTERRUPT in"
"481","41.490345","host","1.4.3","USB","64","","URB_INTERRUPT in"
"482","41.490388","1.4.3","host","USB","64","","URB_INTERRUPT in"
"483","42.492355","host","1.4.3","USB","64","","URB_INTERRUPT in"
"484","42.492454","1.4.3","host","USB","64","","URB_INTERRUPT in"
"485","42.492985","host","1.4.3","USB","64","","URB_INTERRUPT in"
"486","42.493053","1.4.3","host","USB","64","","URB_INTERRUPT in"
"487","42.493104","host","1.4.3","USB","64","","URB_INTERRUPT in"
"488","42.493153","1.4.3","host","USB","64","","URB_INTERRUPT in"
"489","43.490129","host","1.4.3","USB","64","","URB_INTERRUPT in"
"490","43.490185","1.4.3","host","USB","64","","URB_INTERRUPT in"
"491","43.490406","host","1.4.3","USB","64","","URB_INTERRUPT in"
"492","43.490511","1.4.3","host","USB","64","","URB_INTERRUPT in"
"493","43.490553","host","1.4.3","USB","64","","URB_INTERRUPT in"
"494","43.490584","1.4.3","host","USB","64","","URB_INTERRUPT in"
"495","44.495667","host","1.4.3","USB","64","","URB_INTERRUPT in"
"496","44.495764","1.4.3","host","USB","64","","URB_INTERRUPT in"
"497","44.496291","host","1.4.3","USB","64","","URB_INTERRUPT in"
"498","44.496361","1.4.3","host","USB","64","","URB_INTERRUPT in"
"499","44.496417","host","1.4.3","USB","64","","URB_INTERRUPT in"
"500","44.496467","1.4.3","host","USB","64","","URB_INTERRUPT in"
"501","45.495895","host","1.4.3","USB","64","","URB_INTERRUPT in"
"502","45.495994","1.4.3","host","USB","64","","URB_INTERRUPT in"
"503","45.496510","host","1.4.3","USB","64","","URB_INTERRUPT in"
"504","45.496580","1.4.3","host","USB","64","","URB_INTERRUPT in"
"505","45.496635","host","1.4.3","USB","64","","URB_INTERRUPT in"
"506","45.496684","1.4.3","host","USB","64","","URB_INTERRUPT in"
"507","46.497068","host","1.4.3","USB","64","","URB_INTERRUPT in"
"508","46.497167","1.4.3","host","USB","64","","URB_INTERRUPT in"
"509","46.497695","host","1.4.3","USB","64","","URB_INTERRUPT in"
"510","46.497762","1.4.3","host","USB","64","","URB_INTERRUPT in"
"511","46.497818","host","1.4.3","USB","64","","URB_INTERRUPT in"
"512","46.497866","1.4.3","host","USB","64","","URB_INTERRUPT in"
"513","47.499373","host","1.4.3","USB","64","","URB_INTERRUPT in"
"514","47.499472","1.4.3","host","USB","64","","URB_INTERRUPT in"
"515","47.500002","host","1.4.3","USB","64","","URB_INTERRUPT in"
"516","47.500070","1.4.3","host","USB","64","","URB_INTERRUPT in"
"517","47.500136","host","1.4.3","USB","64","","URB_INTERRUPT in"
"518","47.500183","1.4.3","host","USB","64","","URB_INTERRUPT in"
"519","48.500503","host","1.4.3","USB","64","","URB_INTERRUPT in"
"520","48.500602","1.4.3","host","USB","64","","URB_INTERRUPT in"
"521","48.501125","host","1.4.3","USB","64","","URB_INTERRUPT in"
"522","48.501193","1.4.3","host","USB","64","","URB_INTERRUPT in"
"523","48.501302","host","1.4.3","USB","64","","URB_INTERRUPT in"
"524","48.501354","1.4.3","host","USB","64","","URB_INTERRUPT in"
"525","49.501695","host","1.4.3","USB","64","","URB_INTERRUPT in"
"526","49.501795","1.4.3","host","USB","64","","URB_INTERRUPT in"
"527","49.502354","host","1.4.3","USB","64","","URB_INTERRUPT in"
"528","49.502423","1.4.3","host","USB","64","","URB_INTERRUPT in"
"529","49.502489","host","1.4.3","USB","64","","URB_INTERRUPT in"
"530","49.502539","1.4.3","host","USB","64","","URB_INTERRUPT in"
"531","50.502947","host","1.4.3","USB","64","","URB_INTERRUPT in"
"532","50.503045","1.4.3","host","USB","64","","URB_INTERRUPT in"
"533","50.503576","host","1.4.3","USB","64","","URB_INTERRUPT in"
"534","50.503645","1.4.3","host","USB","64","","URB_INTERRUPT in"
"535","50.503732","host","1.4.3","USB","64","","URB_INTERRUPT in"
"536","50.503789","1.4.3","host","USB","64","","URB_INTERRUPT in"
"537","51.504173","host","1.4.3","USB","64","","URB_INTERRUPT in"
"538","51.504270","1.4.3","host","USB","64","","URB_INTERRUPT in"
"539","51.504792","host","1.4.3","USB","64","","URB_INTERRUPT in"
"540","51.504858","1.4.3","host","USB","64","","URB_INTERRUPT in"
"541","51.504924","host","1.4.3","USB","64","","URB_INTERRUPT in"
"542","51.504971","1.4.3","host","USB","64","","URB_INTERRUPT in"
"543","51.909928","1.9.1","host","USB","72","0000090000000000","URB_INTERRUPT in"
"544","51.910012","host","1.9.1","USB","64","","URB_INTERRUPT in"
"545","51.957992","1.9.1","host","USB","72","0000000000000000","URB_INTERRUPT in"
"546","51.958071","host","1.9.1","USB","64","","URB_INTERRUPT in"
"547","52.505055","host","1.4.3","USB","64","","URB_INTERRUPT in"
"548","52.505155","1.4.3","host","USB","64","","URB_INTERRUPT in"
"549","52.505677","host","1.4.3","USB","64","","URB_INTERRUPT in"
"550","52.505744","1.4.3","host","USB","64","","URB_INTERRUPT in"
"551","52.505808","host","1.4.3","USB","64","","URB_INTERRUPT in"
"552","52.505854","1.4.3","host","USB","64","","URB_INTERRUPT in"
"553","52.741376","1.9.1","host","USB","72","0000200000000000","URB_INTERRUPT in"
"554","52.741407","host","1.9.1","USB","64","","URB_INTERRUPT in"
"555","52.805420","1.9.1","host","USB","72","0000000000000000","URB_INTERRUPT in"
"556","52.805501","host","1.9.1","USB","64","","URB_INTERRUPT in"
"557","53.506967","host","1.4.3","USB","64","","URB_INTERRUPT in"
"558","53.507064","1.4.3","host","USB","64","","URB_INTERRUPT in"
"559","53.507593","host","1.4.3","USB","64","","URB_INTERRUPT in"
"560","53.507660","1.4.3","host","USB","64","","URB_INTERRUPT in"
"561","53.507723","host","1.4.3","USB","64","","URB_INTERRUPT in"
"562","53.507770","1.4.3","host","USB","64","","URB_INTERRUPT in"
"563","53.517265","1.9.1","host","USB","72","0000210000000000","URB_INTERRUPT in"
"564","53.517356","host","1.9.1","USB","64","","URB_INTERRUPT in"
"565","53.573585","1.9.1","host","USB","72","0000000000000000","URB_INTERRUPT in"
"566","53.573684","host","1.9.1","USB","64","","URB_INTERRUPT in"
"567","54.213910","1.9.1","host","USB","72","0000040000000000","URB_INTERRUPT in"
"568","54.213992","host","1.9.1","USB","64","","URB_INTERRUPT in"
"569","54.293452","1.9.1","host","USB","72","0000000000000000","URB_INTERRUPT in"
"570","54.293539","host","1.9.1","USB","64","","URB_INTERRUPT in"
"571","54.509168","host","1.4.3","USB","64","","URB_INTERRUPT in"
"572","54.509266","1.4.3","host","USB","64","","URB_INTERRUPT in"
"573","54.509790","host","1.4.3","USB","64","","URB_INTERRUPT in"
"574","54.509857","1.4.3","host","USB","64","","URB_INTERRUPT in"
"575","54.509911","host","1.4.3","USB","64","","URB_INTERRUPT in"
"576","54.509960","1.4.3","host","USB","64","","URB_INTERRUPT in"
"577","55.269275","1.9.1","host","USB","72","0000260000000000","URB_INTERRUPT in"
"578","55.269366","host","1.9.1","USB","64","","URB_INTERRUPT in"
"579","55.333270","1.9.1","host","USB","72","0000000000000000","URB_INTERRUPT in"
"580","55.333359","host","1.9.1","USB","64","","URB_INTERRUPT in"
"581","55.511022","host","1.4.3","USB","64","","URB_INTERRUPT in"
"582","55.511179","1.4.3","host","USB","64","","URB_INTERRUPT in"
"583","55.511792","host","1.4.3","USB","64","","URB_INTERRUPT in"
"584","55.511928","1.4.3","host","USB","64","","URB_INTERRUPT in"
"585","55.512072","host","1.4.3","USB","64","","URB_INTERRUPT in"
"586","55.512203","1.4.3","host","USB","64","","URB_INTERRUPT in"
"587","55.733206","1.9.1","host","USB","72","0000230000000000","URB_INTERRUPT in"
"588","55.733297","host","1.9.1","USB","64","","URB_INTERRUPT in"
"589","55.781359","1.9.1","host","USB","72","0000000000000000","URB_INTERRUPT in"
"590","55.781449","host","1.9.1","USB","64","","URB_INTERRUPT in"
"591","56.253803","1.9.1","host","USB","72","0000200000000000","URB_INTERRUPT in"
"592","56.253895","host","1.9.1","USB","64","","URB_INTERRUPT in"
"593","56.349108","1.9.1","host","USB","72","0000000000000000","URB_INTERRUPT in"
"594","56.349198","host","1.9.1","USB","64","","URB_INTERRUPT in"
"595","56.461343","1.9.1","host","USB","72","0000210000000000","URB_INTERRUPT in"
"596","56.461435","host","1.9.1","USB","64","","URB_INTERRUPT in"
"597","56.511654","host","1.4.3","USB","64","","URB_INTERRUPT in"
"598","56.511793","1.4.3","host","USB","64","","URB_INTERRUPT in"
"599","56.512408","host","1.4.3","USB","64","","URB_INTERRUPT in"
"600","56.512528","1.4.3","host","USB","64","","URB_INTERRUPT in"
"601","56.512675","host","1.4.3","USB","64","","URB_INTERRUPT in"
"602","56.512788","1.4.3","host","USB","64","","URB_INTERRUPT in"
"603","56.533278","1.9.1","host","USB","72","0000000000000000","URB_INTERRUPT in"
"604","56.533358","host","1.9.1","USB","64","","URB_INTERRUPT in"
"605","57.512398","host","1.4.3","USB","64","","URB_INTERRUPT in"
"606","57.512552","1.4.3","host","USB","64","","URB_INTERRUPT in"
"607","57.513167","host","1.4.3","USB","64","","URB_INTERRUPT in"
"608","57.513309","1.4.3","host","USB","64","","URB_INTERRUPT in"
"609","57.513454","host","1.4.3","USB","64","","URB_INTERRUPT in"
"610","57.513567","1.4.3","host","USB","64","","URB_INTERRUPT in"
"611","57.573460","1.9.1","host","USB","72","0200000000000000","URB_INTERRUPT in"
"612","57.573505","host","1.9.1","USB","64","","URB_INTERRUPT in"
"613","57.757368","1.9.1","host","USB","72","0200300000000000","URB_INTERRUPT in"
"614","57.757459","host","1.9.1","USB","64","","URB_INTERRUPT in"
"615","57.813670","1.9.1","host","USB","72","0200000000000000","URB_INTERRUPT in"
"616","57.813751","host","1.9.1","USB","64","","URB_INTERRUPT in"
"617","57.885370","1.9.1","host","USB","72","0000000000000000","URB_INTERRUPT in"
"618","57.885459","host","1.9.1","USB","64","","URB_INTERRUPT in"
"619","58.514412","host","1.4.3","USB","64","","URB_INTERRUPT in"
"620","58.514573","1.4.3","host","USB","64","","URB_INTERRUPT in"
"621","58.515181","host","1.4.3","USB","64","","URB_INTERRUPT in"
"622","58.515321","1.4.3","host","USB","64","","URB_INTERRUPT in"
"623","58.515465","host","1.4.3","USB","64","","URB_INTERRUPT in"
"624","58.515580","1.4.3","host","USB","64","","URB_INTERRUPT in"
"625","59.516450","host","1.4.3","USB","64","","URB_INTERRUPT in"
"626","59.516590","1.4.3","host","USB","64","","URB_INTERRUPT in"
"627","59.517198","host","1.4.3","USB","64","","URB_INTERRUPT in"
"628","59.517343","1.4.3","host","USB","64","","URB_INTERRUPT in"
"629","59.517484","host","1.4.3","USB","64","","URB_INTERRUPT in"
"630","59.517618","1.4.3","host","USB","64","","URB_INTERRUPT in"
"631","59.981354","1.9.1","host","USB","72","00002c0000000000","URB_INTERRUPT in"
"632","59.981446","host","1.9.1","USB","64","","URB_INTERRUPT in"
"633","60.053379","1.9.1","host","USB","72","0000000000000000","URB_INTERRUPT in"
"634","60.053460","host","1.9.1","USB","64","","URB_INTERRUPT in"
"635","60.518538","host","1.4.3","USB","64","","URB_INTERRUPT in"
"636","60.518697","1.4.3","host","USB","64","","URB_INTERRUPT in"
"637","60.519306","host","1.4.3","USB","64","","URB_INTERRUPT in"
"638","60.519449","1.4.3","host","USB","64","","URB_INTERRUPT in"
"639","60.519591","host","1.4.3","USB","64","","URB_INTERRUPT in"
"640","60.519725","1.4.3","host","USB","64","","URB_INTERRUPT in"
"641","60.813734","1.9.1","host","USB","72","00000b0000000000","URB_INTERRUPT in"
"642","60.813827","host","1.9.1","USB","64","","URB_INTERRUPT in"
"643","60.877125","1.9.1","host","USB","72","0000000000000000","URB_INTERRUPT in"
"644","60.877213","host","1.9.1","USB","64","","URB_INTERRUPT in"
"645","60.925364","1.9.1","host","USB","72","0000040000000000","URB_INTERRUPT in"
"646","60.925445","host","1.9.1","USB","64","","URB_INTERRUPT in"
"647","60.989033","1.9.1","host","USB","72","0000000000000000","URB_INTERRUPT in"
"648","60.989109","host","1.9.1","USB","64","","URB_INTERRUPT in"
"649","61.053029","1.9.1","host","USB","72","00000b0000000000","URB_INTERRUPT in"
"650","61.053105","host","1.9.1","USB","64","","URB_INTERRUPT in"
"651","61.133017","1.9.1","host","USB","72","0000000000000000","URB_INTERRUPT in"
"652","61.133088","host","1.9.1","USB","64","","URB_INTERRUPT in"
"653","61.172990","1.9.1","host","USB","72","0000040000000000","URB_INTERRUPT in"
"654","61.173066","host","1.9.1","USB","64","","URB_INTERRUPT in"
"655","61.229368","1.9.1","host","USB","72","0000000000000000","URB_INTERRUPT in"
"656","61.229448","host","1.9.1","USB","64","","URB_INTERRUPT in"
"657","61.285022","1.9.1","host","USB","72","00000b0000000000","URB_INTERRUPT in"
"658","61.285108","host","1.9.1","USB","64","","URB_INTERRUPT in"
"659","61.349329","1.9.1","host","USB","72","0000000000000000","URB_INTERRUPT in"
"660","61.349363","host","1.9.1","USB","64","","URB_INTERRUPT in"
"661","61.389121","1.9.1","host","USB","72","0000040000000000","URB_INTERRUPT in"
"662","61.389211","host","1.9.1","USB","64","","URB_INTERRUPT in"
"663","61.453182","1.9.1","host","USB","72","0000000000000000","URB_INTERRUPT in"
"664","61.453248","host","1.9.1","USB","64","","URB_INTERRUPT in"
"665","61.519584","host","1.4.3","USB","64","","URB_INTERRUPT in"
"666","61.519744","1.4.3","host","USB","64","","URB_INTERRUPT in"
"667","61.520355","host","1.4.3","USB","64","","URB_INTERRUPT in"
"668","61.520498","1.4.3","host","USB","64","","URB_INTERRUPT in"
"669","61.520640","host","1.4.3","USB","64","","URB_INTERRUPT in"
"670","61.520773","1.4.3","host","USB","64","","URB_INTERRUPT in"
"671","61.525270","1.9.1","host","USB","72","00000b0000000000","URB_INTERRUPT in"
"672","61.525352","host","1.9.1","USB","64","","URB_INTERRUPT in"
"673","61.581771","1.9.1","host","USB","72","0000000000000000","URB_INTERRUPT in"
"674","61.581859","host","1.9.1","USB","64","","URB_INTERRUPT in"
"675","61.781335","1.9.1","host","USB","72","00002c0000000000","URB_INTERRUPT in"
"676","61.781425","host","1.9.1","USB","64","","URB_INTERRUPT in"
"677","61.845265","1.9.1","host","USB","72","0000000000000000","URB_INTERRUPT in"
"678","61.845358","host","1.9.1","USB","64","","URB_INTERRUPT in"
"679","62.172989","1.9.1","host","USB","72","00000f0000000000","URB_INTERRUPT in"
"680","62.173058","host","1.9.1","USB","64","","URB_INTERRUPT in"
"681","62.229677","1.9.1","host","USB","72","0000000000000000","URB_INTERRUPT in"
"682","62.229758","host","1.9.1","USB","64","","URB_INTERRUPT in"
"683","62.341188","1.9.1","host","USB","72","0000120000000000","URB_INTERRUPT in"
"684","62.341269","host","1.9.1","USB","64","","URB_INTERRUPT in"
"685","62.397703","1.9.1","host","USB","72","0000000000000000","URB_INTERRUPT in"
"686","62.397790","host","1.9.1","USB","64","","URB_INTERRUPT in"
"687","62.469644","1.9.1","host","USB","72","00000f0000000000","URB_INTERRUPT in"
"688","62.469715","host","1.9.1","USB","64","","URB_INTERRUPT in"
"689","62.521626","host","1.4.3","USB","64","","URB_INTERRUPT in"
"690","62.521781","1.4.3","host","USB","64","","URB_INTERRUPT in"
"691","62.522432","host","1.4.3","USB","64","","URB_INTERRUPT in"
"692","62.522578","1.4.3","host","USB","64","","URB_INTERRUPT in"
"693","62.522720","host","1.4.3","USB","64","","URB_INTERRUPT in"
"694","62.522856","1.4.3","host","USB","64","","URB_INTERRUPT in"
"695","62.533269","1.9.1","host","USB","72","0000000000000000","URB_INTERRUPT in"
"696","62.533349","host","1.9.1","USB","64","","URB_INTERRUPT in"
"697","63.029792","1.9.1","host","USB","72","0000280000000000","URB_INTERRUPT in"
"698","63.029874","host","1.9.1","USB","64","","URB_INTERRUPT in"
"699","63.085197","1.9.1","host","USB","72","0000000000000000","URB_INTERRUPT in"
"700","63.085229","host","1.9.1","USB","64","","URB_INTERRUPT in"
"701","63.522812","host","1.4.3","USB","64","","URB_INTERRUPT in"
"702","63.522975","1.4.3","host","USB","64","","URB_INTERRUPT in"
"703","63.523577","host","1.4.3","USB","64","","URB_INTERRUPT in"
"704","63.523703","1.4.3","host","USB","64","","URB_INTERRUPT in"
"705","63.523846","host","1.4.3","USB","64","","URB_INTERRUPT in"
"706","63.523982","1.4.3","host","USB","64","","URB_INTERRUPT in"
"707","64.509966","1.9.1","host","USB","72","0100000000000000","URB_INTERRUPT in"
"708","64.510057","host","1.9.1","USB","64","","URB_INTERRUPT in"
"709","64.523853","host","1.4.3","USB","64","","URB_INTERRUPT in"
"710","64.524006","1.4.3","host","USB","64","","URB_INTERRUPT in"
"711","64.524616","host","1.4.3","USB","64","","URB_INTERRUPT in"
"712","64.524738","1.4.3","host","USB","64","","URB_INTERRUPT in"
"713","64.524898","host","1.4.3","USB","64","","URB_INTERRUPT in"
"714","64.525028","1.4.3","host","USB","64","","URB_INTERRUPT in"
"715","64.573471","1.9.1","host","USB","72","0100060000000000","URB_INTERRUPT in"
"716","64.573508","host","1.9.1","USB","64","","URB_INTERRUPT in"
